1,1,"no","Ocean Blue Shirt","Ocean blue cotton shirt with a narrow collar and buttons down the front and long sleeves. Comfortable fit and tiled kalidoscope patterns. ","Men",50,"young-man-in-bright-fashion_925x.jpg"
2,1,"no","Classic Varsity Top","Womens casual varsity top, This grey and black buttoned top is a sport-inspired piece complete with an embroidered letter. ","Women",60,"casual-fashion-woman_925x.jpg"
3,1,"no","Yellow Wool Jumper","Knitted jumper in a soft wool blend with low dropped shoulders and wide sleeves and think cuffs. Perfect for keeping warm during Fall. ","Women",80,"autumn-photographer-taking-picture_925x.jpg"
4,1,"no","Floral White Top","Stylish sleeveless white top with a floral pattern. ","Women",75,"city-woman-fashion_925x-2x.jpg"
5,1,"no","Striped Silk Blouse","Ultra-stylish black and red striped silk blouse with buckle collar and matching button pants. ","Women",50,"striped-blouse-fashion_925x.jpg"
6,1,"no","Classic Leather Jacket","Womans zipped leather jacket. Adjustable belt for a comfortable fit, complete with shoulder pads and front zip pocket. ","Women",80,"leather-jacket-and-tea_925x.jpg"
7,1,"no","Dark Denim Top","Classic dark denim top with chest pockets, long sleeves with buttoned cuffs, and a ripped hem effect.","Women",60,"young-female-models-denim_925x.jpg"
8,1,"no","Navy Sports Jacket","Long-sleeved navy waterproof jacket in thin, polyester fabric with a soft mesh inside. The durable water-repellent finish means you'll be kept comfortable and protected when out in all weathers.","Men",60,"mens-fall-fashion-jacket_925x.jpg"
9,1,"no","Soft Winter Jacket","Thick black winter jacket, with soft fleece lining. Perfect for those cold weather days.","Women",50,"smiling-woman-on-snowy-afternoon_925x.jpg"
10,1,"no","Black Leather Bag","Womens black leather bag, with ample space. Can be worn over the shoulder, or remove straps to carry in your hand. ","Women",30,"black-bag-over-the-shoulder_925x.jpg"
11,1,"no","Zipped Jacket","Dark navy and light blue mens zipped waterproof jacket with an outer zipped chestpocket for easy storeage.","Men",65,"menswear-blue-zip-up-jacket_925x.jpg"
12,1,"no","Silk Summer Top","Silk womens top with short sleeves and number pattern.","Women",70,"young-hip-woman-at-carnival_925x.jpg"
13,1,"no","Long Sleeve Cotton Top","Black cotton womens top, with long sleeves, no collar and a thick hem. ","Women",50,"woman-outside-brownstone_925x.jpg"
14,1,"no","Chequered Red Shirt","Classic mens plaid flannel shirt with long sleeves, in chequered style, with two chest pockets.","Men",50,"red-plaid-shirt_925x.jpg"
15,1,"no","White Cotton Shirt","Plain white cotton long sleeved shirt with loose collar. Small buttons and front pocket. ","Women",30,"smiling-woman-poses_925x.jpg"
16,1,"no","Olive Green Jacket","Loose fitting olive green jacket with buttons and large pockets. Multicoloured pattern on the front of the shoulders.","Women",65,"urban-fashion_925x.jpg"
17,1,"no","Blue Silk Tuxedo","Blue silk tuxedo with marbled aquatic pattern and dark lining. Sleeves are complete with rounded hem and black buttons.","Men",70,"man-adjusts-blue-tuxedo-bowtie_925x.jpg"
18,1,"no","Red Sports Tee","Womens red sporty t-shirt with colorful details on the sleeves and a small white pocket.","Women",50,"womens-red-t-shirt_925x.jpg"
19,1,"no","Striped Skirt and Top","Black cotton top with matching striped skirt. ","Women",50,"woman-in-the-city_925x.jpg"
20,1,"no","LED High Tops","Black high top shoes with green LED lights in the sole, tied up with laces and a buckle. ","Men",80,"putting-on-your-shoes_925x.jpg"
21,2,"yes","Clay Plant Pot","Classic blown clay pot for plants","Outdoor",9.99,"single-sprout-in-a-pot_925x.jpg"
22,2,"yes","Copper Light","Stylish copper bedside light","Indoor",59.99,"copper-light-in-bedroom_925x.jpg"
23,2,"yes","Cream Sofa","Comfortable cream sofa with wooden base","Indoor",500,"condominium-interior-livingroom_925x.jpg"
24,2,"yes","Antique Drawers","Antique wooden chest of drawers","Indoor",250,"babys-room_925x.jpg"
25,2,"yes","White Bed Clothes","Sleek white bed clothes","Indoor",29.99,"bright-hotel-room-bed_925x.jpg"
26,2,"yes","Pink Armchair","Stylish pink armchair","Indoor",750,"soft-pink-cushioned-armchair-in-stately-salon_925x.jpg"
27,2,"yes","Wooden Outdoor Table","Chic wooden outdoor garden table","Outdoor",99.99,"cafe-patio_925x.jpg"
28,2,"yes","Brown Throw Pillows","Stylish brown throw pillows","Indoor",19.99,"bedroom-bed-with-brown-throw-pillows_925x.jpg"
29,2,"yes","White Ceramic Pot","Homemade white ceramic flower pot","Indoor",15.99,"house-plant-in-white-pot_925x.jpg"
30,2,"yes","Yellow watering can","Vintage vibrant watering can","Outdoor",40.99,"flowers-in-yellow-watering-can_925x.jpg"
31,2,"yes","Gardening hand trowel","Metal gardening hand trowel with wooden handle","Outdoor",10.99,"spring-gardening-set-up_925x.jpg"
32,2,"yes","Biodegradable cardboard pots","Biodegradable outdoor cardboard pots","Outdoor",10,"potted-seeds_925x.jpg"
33,2,"yes","Grey Sofa","Large four seater grey sofa","Indoor",29.99,"large-grey-sofa-by-brick-wall_925x.jpg"
34,2,"yes","Wooden outdoor slats","Wooden outdoor fencing slats","Outdoor",25.99,"house-plant-on-wooden-slat-wall_925x.jpg"
35,2,"yes","Wooden Fence","Wooden garden fence","Outdoor",200,"picket-fence-flowers_925x.jpg"
36,2,"yes","Yellow Sofa","Two seater yellow sofa with wooden legs","Indoor",99.99,"yellow-couch-by-black-and-white-mural_925x.jpg"
37,2,"yes","Knitted Throw Pillows","Homemade knitted throw pillows in a variety of colors","Indoor",19.99,"yellow-sofa-with-throw-pillows_925x.jpg"
38,2,"yes","Vanilla candle","Vanilla scent candle in jar","Indoor",15.99,"diy-organic-candle_925x.jpg"
39,2,"yes","Black Beanbag","Black leather beanbag","Indoor",69.99,"comfortable-living-room-cat_925x.jpg"
40,2,"yes","Bedside Table","Wooden bedside table","Indoor",69.99,"dark-wall-bedside-table_925x.jpg"
41,3,"yes","Blue 7 Shakra Bracelet","7 chakra bracelet, in blue.","Bracelet",42.99,"7-chakra-bracelet_925x.jpg"
42,3,"yes","Gold Anchor Bracelet Mens","Black leather bracelet with gold anchor for men.","Bracelet",69.99,"anchor-bracelet-mens_925x.jpg"
43,3,"yes","Silver Anchor Bracelet Mens","Black leather bracelet with silver anchor for men.","Bracelet",55,"anchor-bracelet-for-men_925x.jpg"
44,3,"yes","Bangle Bracelet","Gold bangle bracelet with studded jewels.","Bracelet",39.99,"bangle-bracelet-with-jewels_925x.jpg"
45,3,"yes","Boho Bangle Bracelet","Gold boho bangle bracelet with multicolor tassels.","Bracelet",42.99,"bangle-bracelet-with-feathers_925x.jpg"
46,3,"yes","Boho Earrings","Turquoise globe earrings on 14k gold hooks.","Earrings",27.99,"boho-earrings_925x.jpg"
47,3,"yes","Choker with Bead","Black choker necklace with 14k gold bead.","Necklace",14.99,"black-choker-with-bead_925x.jpg"
48,3,"yes","Choker with Bead Pendant","Black cord choker with gold pendant. A beautifully died black leather shapes a choker necklace","Necklace",14.99,"choker-with-bead_925x.jpg"
49,3,"yes","Choker with Gold Pendant","Black cord choker with gold pendant. A beautifully died black leather shapes a choker necklace with findings of 14k yellow gold, displaying gold pendant in a gorgeous balance of dark and light, delicate and strong.","Necklace",29.99,"choker-with-gold-pendant_925x.jpg"
50,3,"yes","Choker with Triangle","Black choker with silver triangle pendant.","Necklace",47.99,"choker-with-triangle_925x.jpg"
51,3,"yes","Dainty Gold Necklace","Dainty gold necklace with two pendants.","Necklace",63.99,"dainty-gold-necklace_925x.jpg"
52,3,"yes","Dreamcatcher Pendant Necklace","Turquoise beaded dream catcher necklace. Silver feathers adorn this beautiful dream catcher, which move and twinkle as you walk.","Necklace",23.99,"dreamcatcher-pendant-necklace_925x.jpg"
53,3,"yes","Galaxy Earrings","One set of galaxy earrings, with sterling silver clasps.","Earrings",37.99,"galaxy-earrings_925x.jpg"
54,3,"yes","Gemstone Necklace - Blue","Gemstone pendant, housed in sterling silver, with sterling silver chain.","Necklace",27.99,"blue-gemstone-pendant_925x.jpg"
55,3,"yes","Gemstone Necklace - Purple","Gemstone pendant, housed in sterling silver, with sterling silver chain.","Necklace",27.99,"gemstone-necklace_925x.jpg"
56,3,"yes","Gold Bird Necklace","14k Gold delicate necklace, with bird between two chains.","Necklace",79.99,"gold-bird-necklace_925x.jpg"
57,3,"yes","Gold Elephant Earrings","Small 14k gold elephant earrings, with opal ear detail.","Earrings",54.99,"elephant-earrings_925x.jpg"
58,3,"yes","Guardian Angel Earrings","Sterling silver guardian angel earrings with diamond gemstones.","Earrings",19.99,"guardian-angel-earrings_925x.jpg"
59,3,"yes","Moon Charm Bracelet","Moon 14k gold chain friendship bracelet.","Bracelet",47.99,"womens-hand-moon-bracelet-_925x.jpg"
60,3,"yes","Friendship Bracelet","Friendship 14k gold chain bracelet.","Bracelet",47.99,"moon-friendship-bracelet_925x.jpg"
61,3,"yes","Hand Charm Bracelet","Hand Charm 14k gold chain  bracelet.","Bracelet",47.99,"womens-hand-charm-bracelet_925x.jpg"
62,3,"yes","Silver Origami Crane Necklace","Sterling silver origami crane necklace.","Necklace",75.99,"origami-crane-necklace-gold_925x.jpg"
63,3,"yes","Gold Origami Crane Necklace","Gold origami crane necklace.","Necklace",75.99,"silver-origami-necklace_925x.jpg"
64,3,"yes","Pretty Gold Necklace","14k gold and turquoise necklace. Stunning beaded turquoise on gold and pendant filled double chain design.","Necklace",44.95,"pretty-gold-necklace_925x.jpg"
65,3,"yes","Silver Threader Necklace","Sterling silver chain thread through circle necklace.","Necklace",14.99,"silver-threader-necklace_925x.jpg"
66,3,"yes","Stylish Summer Necklace","Double chained gold boho necklace with turquoise pendant.","Necklace",44.99,"stylish-summer-necklace_925x.jpg"
